id,contact_id,outreach_datetime,outreach_medium,rep_id,notes
1,814,2025-12-20 12:00,Letter,1,Notes: Letter status: Sent; Source: 11.15 Similar to Master G
2,361,2025-11-25 12:00,Email,1,Notes: Bring ecommerce features to your website; Status: Reached out; Source: 11.15 Similar to Master G
3,361,2025-12-02 12:00,Call,1,Status: Reached out; Source: 11.15 Similar to Master G
4,361,2025-12-20 12:00,Letter,1,Notes: Letter status: Letter sent; Source: 11.15 Similar to Master G
5,935,2025-11-25 12:00,Email,1,Status: Reached out; Source: 11.15 Similar to Master G
6,935,2025-12-20 12:00,Letter,1,Notes: Letter status: Letter sent; Source: 11.15 Similar to Master G
7,35,2025-12-20 12:00,Letter,1,Notes: Letter status: Letter sent; Source: 11.15 Similar to Master G
8,653,2025-11-25 12:00,Email,1,Status: Reached out; Source: 11.15 Similar to Master G
9,653,2025-12-02 12:00,Call,1,Status: Reached out; Source: 11.15 Similar to Master G
10,653,2025-12-20 12:00,Letter,1,Notes: Letter status: Sent; Source: 11.15 Similar to Master G
11,239,2025-12-20 12:00,Letter,1,Notes: Letter status: Letter sent; Source: 11.15 Similar to Master G
12,511,2025-12-20 12:00,Letter,1,Notes: Letter status: Not our customer; Source: 11.15 Similar to Master G
13,124,2025-12-20 12:00,Letter,1,Notes: Letter status: Permanently closed; Source: 11.15 Similar to Master G
14,801,2025-12-01 12:00,Email,1,Source: 11.15 Similar to Master G
15,801,2025-12-20 12:00,Letter,1,Notes: Letter status: Letter sent; Source: 11.15 Similar to Master G
17,530,2025-12-20 12:00,Letter,1,Notes: Letter status: Letter sent; Source: 11.15 Similar to Master G
18,587,2025-12-20 12:00,Letter,1,Notes: Letter status: Letter sent; Source: 11.15 Similar to Master G
19,102,2025-11-25 12:00,Email,1,Status: Reached out; Source: 11.15 Similar to Master G
20,102,2025-12-20 12:00,Letter,1,Notes: Letter status: Letter sent; Source: 11.15 Similar to Master G
21,865,2025-11-25 12:00,Email,1,Status: Reached out; Source: 11.15 Similar to Master G
22,865,2025-12-20 12:00,Letter,1,Notes: Letter status: Letter sent; Source: 11.15 Similar to Master G
23,393,2025-11-26 12:00,Email,1,Status: Reached out; Source: 11.15 Similar to Master G
24,393,2025-12-20 12:00,Letter,1,Notes: Letter status: Letter sent; Source: 11.15 Similar to Master G
25,63,2025-12-20 12:00,Letter,1,Notes: Letter status: Letter sent; Source: 11.15 Similar to Master G
26,861,2026-02-12 12:00,Email,1,Source: 11.15 Similar to Master G
27,861,2025-12-20 12:00,Letter,1,Notes: Letter status: Letter sent; Source: 11.15 Similar to Master G
28,527,2025-12-03 12:00,Email,1,Source: 11.15 Similar to Master G
29,527,2025-12-20 12:00,Letter,1,Notes: Letter status: Letter sent; Source: 11.15 Similar to Master G
30,724,2025-12-20 12:00,Letter,1,Notes: Letter status: Letter sent; Source: 11.15 Similar to Master G
31,54,2025-12-20 12:00,Letter,1,Notes: Letter status: Letter sent; Source: 11.15 Similar to Master G
32,24,2025-11-25 12:00,Email,1,Status: Reached out; Source: 11.15 Similar to Master G
33,24,2025-12-20 12:00,Letter,1,Notes: Letter status: Letter sent; Source: 11.15 Similar to Master G
34,278,2025-12-20 12:00,Letter,1,Notes: Letter status: Letter sent; Source: 11.15 Similar to Master G
35,276,2025-11-25 12:00,Email,1,Status: Reached out; Source: 11.15 Similar to Master G
36,276,2025-12-20 12:00,Letter,1,Notes: Letter status: Letter sent; Source: 11.15 Similar to Master G
37,407,2025-12-20 12:00,Letter,1,Notes: Letter status: Letter sent; Source: 11.15 Similar to Master G
38,726,2025-12-01 12:00,Email,1,Source: 11.15 Similar to Master G
39,726,2025-12-20 12:00,Letter,1,Notes: Letter status: Letter sent; Source: 11.15 Similar to Master G
40,783,2025-11-25 12:00,Email,1,Status: Reached out; Source: 11.15 Similar to Master G
41,783,2025-12-20 12:00,Letter,1,Notes: Letter status: Letter sent; Source: 11.15 Similar to Master G
42,422,2025-12-20 12:00,Letter,1,Notes: Letter status: Letter sent; Source: 11.15 Similar to Master G
43,446,2025-12-20 12:00,Letter,1,Notes: Letter status: Letter sent; Source: 11.15 Similar to Master G
44,398,2025-11-25 12:00,Email,1,Status: Bad Timing; Source: 11.15 Similar to Master G
45,398,2025-12-20 12:00,Letter,1,Notes: Letter status: Letter sent; Source: 11.15 Similar to Master G
46,853,2025-12-20 12:00,Letter,1,Notes: Letter status: Letter sent; Source: 11.15 Similar to Master G
47,765,2025-12-01 12:00,Email,1,Status: Reached out; Source: 11.15 Similar to Master G
48,765,2025-12-20 12:00,Letter,1,Notes: Letter status: Letter sent; Source: 11.15 Similar to Master G
49,140,2025-11-25 12:00,Email,1,Status: Reached out; Source: 11.15 Similar to Master G
50,140,2025-12-02 12:00,Call,1,Status: Reached out; Source: 11.15 Similar to Master G
51,140,2025-12-20 12:00,Letter,1,Notes: Letter status: Letter sent; Source: 11.15 Similar to Master G
52,379,2025-12-01 12:00,Email,1,Status: Reached out; Source: 11.15 Similar to Master G
53,379,2025-12-20 12:00,Letter,1,Notes: Letter status: Letter sent; Source: 11.15 Similar to Master G
54,963,2025-11-25 12:00,Email,1,Status: Reached out; Source: 11.15 Similar to Master G
55,963,2025-12-02 12:00,Call,1,Status: Reached out; Source: 11.15 Similar to Master G
56,963,2025-12-20 12:00,Letter,1,Notes: Letter status: Letter sent; Source: 11.15 Similar to Master G
57,588,2025-11-25 12:00,Email,1,Status: Reached out; Source: 11.15 Similar to Master G
58,588,2025-12-20 12:00,Letter,1,Notes: Letter status: Letter sent; Source: 11.15 Similar to Master G
59,185,2025-12-20 12:00,Letter,1,Notes: Letter status: Letter sent; Source: 11.15 Similar to Master G
60,328,2025-12-20 12:00,Letter,1,Notes: Letter status: Closed; Source: 11.15 Similar to Master G
61,87,2025-12-20 12:00,Letter,1,Notes: Letter status: Letter sent; Source: 11.15 Similar to Master G
62,889,2025-12-20 12:00,Letter,1,Notes: Letter status: Letter sent; Source: 11.15 Similar to Master G
63,547,2025-12-20 12:00,Letter,1,Notes: Letter status: Letter sent; Source: 11.15 Similar to Master G
64,568,2025-12-20 12:00,Letter,1,Notes: Letter status: Letter sent; Source: 11.15 Similar to Master G
65,130,2025-12-20 12:00,Letter,1,Notes: Letter status: Letter sent; Source: 11.15 Similar to Master G
66,809,2025-12-20 12:00,Letter,1,Notes: Letter status: Letter sent; Source: 11.15 Similar to Master G
67,233,2025-12-20 12:00,Letter,1,Notes: Letter status: Letter sent; Source: 11.15 Similar to Master G
68,475,2025-12-20 12:00,Letter,1,Notes: Letter status: Letter sent; Source: 11.15 Similar to Master G
69,447,2025-12-20 12:00,Letter,1,Notes: Letter status: Letter sent; Source: 11.15 Similar to Master G
70,236,2025-12-20 12:00,Letter,1,Notes: Letter status: Letter sent; Source: 11.15 Similar to Master G
71,388,2025-12-20 12:00,Letter,1,Notes: Letter status: Letter sent; Source: 11.15 Similar to Master G
72,153,2025-12-20 12:00,Letter,1,Notes: Letter status: Letter sent; Source: 11.15 Similar to Master G
73,779,2025-12-20 12:00,Letter,1,Notes: Letter status: Letter sent; Source: 11.15 Similar to Master G
74,985,2025-12-20 12:00,Letter,1,Notes: Letter status: Letter sent; Source: 11.15 Similar to Master G
75,295,2025-11-26 12:00,Email,1,Status: Reached out; Source: 11.15 Similar to Master G
76,295,2025-12-20 12:00,Letter,1,Notes: Letter status: Letter sent; Source: 11.15 Similar to Master G
77,421,2025-12-20 12:00,Letter,1,Notes: Letter status: Letter sent; Source: 11.15 Similar to Master G
78,30,2025-12-20 12:00,Letter,1,Notes: Letter status: Letter sent; Source: 11.15 Similar to Master G
79,205,2025-12-20 12:00,Letter,1,Notes: Letter status: Letter sent; Source: 11.15 Similar to Master G
80,270,2025-12-20 12:00,Letter,1,Notes: Letter status: Letter sent; Source: 11.15 Similar to Master G
81,27,2025-12-20 12:00,Letter,1,Notes: Letter status: Letter sent; Source: 11.15 Similar to Master G
82,538,2025-12-20 12:00,Letter,1,Notes: Letter status: Letter sent; Source: 11.15 Similar to Master G
83,505,2025-12-20 12:00,Letter,1,Notes: Letter status: Letter sent; Source: 11.15 Similar to Master G
84,424,2025-11-26 12:00,Email,1,Source: 11.15 Similar to Master G
85,763,2026-02-12 12:00,Email,1,Source: 11.15 Similar to Master G
86,562,2025-12-20 12:00,Letter,1,Notes: Letter status: Closed; Source: 11.15 Similar to Master G
87,1005,2025-11-25 12:00,Email,1,Status: Reached out; Source: 11.15 Similar to Master G
88,735,2025-11-26 12:00,Email,1,Status: Reached out; Source: 11.15 Similar to Master G
89,735,2025-12-20 12:00,Letter,1,Notes: Letter status: Letter Sent; Source: 11.15 Similar to Master G
90,613,2025-11-25 12:00,Email,1,Status: Reached out; Source: 11.15 Similar to Master G
91,200,2026-02-18 12:00,Email,2,Status: Reahed out; Source: 11.15 Similar to Master G
92,127,2025-11-26 12:00,Email,1,Status: Reached out; Source: 11.15 Similar to Master G
93,678,2025-12-01 12:00,Email,1,Source: 11.15 Similar to Master G
94,624,2025-12-20 12:00,Letter,1,Notes: Letter status: Too robust (ecommerce); Source: 11.15 Similar to Master G
95,904,2025-11-26 12:00,Email,1,Status: Reached out; Source: 11.15 Similar to Master G
96,53,2025-12-03 12:00,Email,1,Source: 11.15 Similar to Master G
97,215,2025-11-26 12:00,Email,1,Status: Reached out; Source: 11.15 Similar to Master G
99,525,2025-11-26 12:00,Email,1,Status: Reached out; Source: 11.15 Similar to Master G
102,993,2025-11-25 12:00,Email,1,Status: Reached out; Source: 11.15 Similar to Master G
103,54,2025-12-20 12:00,Letter,1,Notes: Type: Introduction; Letter Status: Sent; Hot Chocolate: Yes; Source: Letters
104,54,2026-01-08 12:00,Call,1,Notes: Operator: Alejandra; Voicemail; Source: Letters
105,54,2026-01-26 12:00,Call,1,Notes: Operator: Alejandra; Alejandra said she would give him my number and tell him to call me.; Source: Letters
106,724,2025-12-20 12:00,Letter,1,Notes: Type: Introduction; Letter Status: Sent; Hot Chocolate: Yes; Source: Letters
107,724,2026-01-08 12:00,Call,1,Notes: Voicemail box full; Source: Letters
108,809,2025-12-20 12:00,Letter,1,Notes: Type: Introduction; Letter Status: Sent; Hot Chocolate: No; Source: Letters
109,809,2026-01-08 12:00,Call,1,Notes: cs@harborwholesale.com; Source: Letters
110,278,2025-12-20 12:00,Letter,1,Notes: Type: Introduction; Letter Status: Sent; Hot Chocolate: Yes; Source: Letters
111,278,2026-01-08 12:00,Call,1,Notes: dawng@swwest.com; Source: Letters
112,783,2025-12-20 12:00,Letter,1,Notes: Type: Introduction; Letter Status: Sent; Hot Chocolate: Yes; Source: Letters
113,783,2026-01-08 12:00,Call,1,Notes: Operator: Erica; Talk tomorrow morning before noon; Source: Letters
114,783,2026-01-12 12:00,Call,1,Notes: Operator: Erica; Already left before 10; Source: Letters
115,935,2025-12-20 12:00,Letter,1,Notes: Type: Introduction; Letter Status: Sent; Hot Chocolate: Yes; Source: Letters
116,935,2026-01-08 12:00,Call,1,Notes: Operator: Mateo; Call back Friday; Source: Letters
117,935,2026-01-12 12:00,Call,1,"Notes: Operator: Mateo; Usually arrives after 10 AM Mountain Time, Call Back in afternoon.

Called in the afternoon, he wasn't around. Gave my number for him to call back.; Source: Letters"
118,935,2026-01-26 12:00,Call,1,"Notes: Operator: Mateo; Left, call after 9:30.; Source: Letters"
119,861,2025-12-20 12:00,Letter,1,Notes: Type: Introduction; Letter Status: Sent; Hot Chocolate: Yes; Status: DO NOT CONTACT; Source: Letters
120,861,2026-01-08 12:00,Call,1,"Notes: Said they are set with software and asked to send an email. 

annmarie@hdiwholesale.com

Sent 1/13

Ann requested we no longer contact.; Source: Letters"
121,63,2025-12-20 12:00,Letter,1,Notes: Type: Introduction; Letter Status: Sent; Hot Chocolate: Yes; Source: Letters
122,63,2026-01-08 12:00,Call,1,Notes: Andrew Choi is wrong contact; Source: Letters
123,276,2025-12-20 12:00,Letter,1,Notes: Type: Introduction; Letter Status: Sent; Hot Chocolate: Yes; Source: Letters
124,276,2026-01-08 12:00,Call,1,"Notes: Acquired by b2b industrial packaging

1 877 222 5747; Source: Letters"
125,680,2025-12-20 12:00,Letter,1,Notes: Type: Reaching out again; Letter Status: Sent; Hot Chocolate: Yes; Source: Letters
126,680,2026-01-08 12:00,Call,1,Notes: Operator: Millie; Didn't receive the letter?; Source: Letters
127,680,2026-01-26 12:00,Call,1,Notes: Operator: Millie; Matt is available mornings before 11 AM (except Wednesdays).; Source: Letters
128,680,2026-01-27 12:00,Call,1,Notes: Operator: Millie; Matt stepped out early because they are cleaning the office. Millie suggested I call back Thursday as he'll be in-office.; Source: Letters
129,680,2026-01-29 12:00,Call,1,Notes: Operator: Millie; Said he didn't have time and to send him an email.; Source: Letters
130,130,2025-12-20 12:00,Letter,1,Notes: Type: Goals for 2026; Letter Status: Ready; Hot Chocolate: Yes; Source: Letters
131,130,2026-01-12 12:00,Call,1,"Notes: Instantly asked, ""What's in it for me?"" Seemed hesitant. Said he could make 15 minutes of time if I met in person. Trying to call instead.; Source: Letters"
132,923,2025-12-20 12:00,Letter,1,Notes: Type: Introduction; Letter Status: Sent; Hot Chocolate: Yes; Source: Letters
133,923,2026-01-12 12:00,Call,1,Notes: Operator: Ashley; Left a voicemail; Source: Letters
134,923,Call 3 Notes 12:00,Call,1,"Notes: Operator: Ashley; Ashley is Susan's ""other half."" They only have about 50 SKUs, and so they're happy to keep things manual (in spreadsheets, shopify). Interested in getting support as they grow.; Source: Letters"
135,588,2025-12-20 12:00,Letter,1,Notes: Type: Introduction; Letter Status: Sent; Hot Chocolate: Yes; Source: Letters
136,588,2026-01-12 12:00,Call,1,"Notes: Operator: Derek; ""He's not in right now. He comes in and out."" Dodgy.; Source: Letters"
137,765,2025-12-20 12:00,Letter,1,Notes: Type: Introduction; Letter Status: Sent; Hot Chocolate: No; Source: Letters
138,765,2026-01-12 12:00,Call,1,Notes: Operator: Stephanie; Said they'd call or email back.; Source: Letters
139,527,2025-12-20 12:00,Letter,1,Notes: Type: Introduction; Letter Status: Sent; Hot Chocolate: Yes; Source: Letters
140,527,2026-01-12 12:00,Call,1,Notes: EXT 324; Source: Letters
141,963,2025-12-20 12:00,Letter,1,Notes: Type: Introduction; Letter Status: Sent; Hot Chocolate: Yes; Source: Letters
142,963,2026-01-12 12:00,Call,1,"Notes: Trevor arrives 2 3 o clock in the morning, leaves by 10 am (Hot chocolate spilled everywhere); Source: Letters"
143,801,2025-12-20 12:00,Letter,1,Notes: Type: Introduction; Letter Status: Sent; Hot Chocolate: Yes; Source: Letters
144,801,2026-01-12 12:00,Call,1,"Notes: Operator: Zaineb; Call back after 2 PM.

Confirmed he got the letter and said he'd get back to us.; Source: Letters"
145,933,2025-12-20 12:00,Letter,1,Notes: Type: Introduction; Letter Status: Sent; Hot Chocolate: Yes; Source: Letters
146,933,2026-01-12 12:00,Call,1,Notes: Number did not work.; Source: Letters
147,293,2025-12-20 12:00,Letter,1,Notes: Type: Reaching out again; Letter Status: Sent; Hot Chocolate: Yes; Source: Letters
148,293,2026-01-12 12:00,Call,1,Notes: Said he is happy with his software. We agreed to a short chat mid day next monday.; Source: Letters
149,203,2025-12-20 12:00,Letter,1,Notes: Type: Chicago; Letter Status: Sent; Hot Chocolate: Yes; Source: Letters
150,203,2026-01-21 12:00,Call,1,Notes: Agreed to have a meeting later. Said he would email me.; Source: Letters
151,295,2025-12-20 12:00,Letter,1,Notes: Type: Goals for 2026; Letter Status: Ready; Hot Chocolate: Yes; Source: Letters
152,295,2026-01-22 12:00,Call,1,Notes: Voicemail; Source: Letters
153,295,2026-01-26 12:00,Call,1,Notes: Voicemail; Source: Letters
154,505,2025-12-20 12:00,Letter,1,Notes: Type: Goals for 2026; Letter Status: Ready; Hot Chocolate: Yes; Source: Letters
155,505,2026-01-22 12:00,Call,1,"Notes: Said ""he is not working here right now""; Source: Letters"
156,111,2025-12-20 12:00,Letter,1,Notes: Type: Industrials; Letter Status: Sent; Hot Chocolate: Yes; Source: Letters
157,111,2026-01-22 12:00,Call,1,"Notes: Operator: Ben; Barry will be around Friday, maybe next week; Source: Letters"
158,688,2025-12-20 12:00,Letter,1,Notes: Type: Industrials; Letter Status: Sent; Hot Chocolate: No; Source: Letters
159,688,2026-01-22 12:00,Call,1,Notes: Said he is happy with software. Didn't want to talk about their operation.; Source: Letters
160,406,2025-12-20 12:00,Letter,1,Notes: Type: Industrials; Letter Status: Sent; Hot Chocolate: No; Source: Letters
161,406,2026-01-22 12:00,Call,1,Notes: Operator: Karina; Greg is gone for the day; Source: Letters
162,597,2025-12-20 12:00,Letter,1,Notes: Type: Introduction; Letter Status: Sent; Hot Chocolate: Yes; Status: Got a return call after calling.; Source: Letters
163,597,2026-01-22 12:00,Call,1,Notes: Left a voicemail; Source: Letters
164,653,2025-12-20 12:00,Letter,1,Notes: Type: Introduction; Letter Status: Sent; Hot Chocolate: Yes; Status: Letter returned.; Source: Letters
165,653,2026-01-22 12:00,Call,1,Notes: Left a voicemail; Source: Letters
166,332,2025-12-20 12:00,Letter,1,Notes: Type: Introduction; Letter Status: Sent; Hot Chocolate: No; Source: Letters
167,332,2026-01-22 12:00,Call,1,Notes: Left a voicemail; Source: Letters
168,308,2025-12-20 12:00,Letter,1,Notes: Type: Introduction; Letter Status: Sent; Hot Chocolate: Yes; Source: Letters
169,308,2026-01-22 12:00,Call,1,Notes: He was out for the day; Source: Letters
170,770,2025-12-20 12:00,Letter,1,Notes: Type: Introduction; Letter Status: Sent; Hot Chocolate: Yes; Source: Letters
171,770,2026-01-22 12:00,Call,1,"Notes: I talked with Paul directly. His son set up the order history system (he and his son are the managers). Makes it easy for them to look through previous orders and get them out the door. Said there's ""no point"" in tracking inventory through a system given the workarounds needed. Was most concerned about workforce management. Wrong placements, damaged inventory, mispicks.; Source: Letters"
172,735,2025-12-20 12:00,Letter,1,Notes: Type: Introduction; Letter Status: Sent; Hot Chocolate: Yes; Source: Letters
173,735,2026-01-22 12:00,Call,1,"Notes: Operator: Nasir is the operator, not Mutahar; Has an app and website but customers don't use it. Uses SAP on the backend.; Source: Letters"
174,608,2025-12-20 12:00,Letter,1,Notes: Type: Introduction; Letter Status: Sent; Hot Chocolate: Yes; Source: Letters
175,608,2026-01-22 12:00,Call,1,"Notes: Said he didn't receive letter. ""Whatever it is, I'm not interested.""; Source: Letters"
176,374,2025-12-20 12:00,Letter,1,Notes: Type: Introduction; Letter Status: Sent; Hot Chocolate: Yes; Source: Letters
177,374,2026-01-22 12:00,Call,1,Notes: Operator: Anu; Email at gary@sahnient.com; Source: Letters
178,89,2025-12-20 12:00,Letter,1,Notes: Type: Introduction; Letter Status: Sent; Hot Chocolate: No; Source: Letters
179,89,2026-01-22 12:00,Call,1,Notes: Operator: Karina; araceli@chicagopallet.com (need to make an appointment since she's in and out); Source: Letters
180,639,2025-12-20 12:00,Letter,1,Notes: Type: Introduction; Letter Status: Sent; Hot Chocolate: No; Source: Letters
181,639,2026-01-22 12:00,Call,1,Notes: Operator: Jessica; He is remote. lukasz@allmaterialhandling.com; Source: Letters
182,547,2025-12-20 12:00,Letter,1,Notes: Type: Goals for 2026; Letter Status: Ready; Hot Chocolate: Yes; Source: Letters
183,547,2026-01-23 12:00,Call,1,"Notes: ext 214
Left a voicemail; Source: Letters"
184,30,2025-12-20 12:00,Letter,1,Notes: Type: Goals for 2026; Letter Status: Ready; Hot Chocolate: Yes; Source: Letters
185,30,2026-01-23 12:00,Call,1,Notes: Left a voicemail; Source: Letters
186,30,2026-01-26 12:00,Call,1,"Notes: Voicemail
(Phone tree, no one available); Source: Letters"
187,87,2025-12-20 12:00,Letter,1,Notes: Type: Goals for 2026; Letter Status: Ready; Hot Chocolate: Yes; Source: Letters
188,87,2026-01-23 12:00,Call,1,"Notes: Operator: Harika; Cal back on Monday 1/26, after 11 AM; Source: Letters"
189,87,2026-01-26 12:00,Call,1,Notes: Operator: Harika; Says he's happy with his solution and will reach out if anything changes.; Source: Letters
190,27,2025-12-20 12:00,Letter,1,Notes: Type: Goals for 2026; Letter Status: Ready; Hot Chocolate: Yes; Source: Letters
191,27,2026-01-23 12:00,Call,1,Notes: Operator: Vanessa; Left name and number with his assistant.; Source: Letters
192,361,2025-12-20 12:00,Letter,1,Notes: Type: Introduction; Letter Status: Sent; Hot Chocolate: Yes; Source: Letters
193,361,2026-01-23 12:00,Call,1,Notes: Voicemail not set up; Source: Letters
194,865,2025-12-20 12:00,Letter,1,Notes: Type: Introduction; Letter Status: Sent; Hot Chocolate: Yes; Source: Letters
195,865,2026-01-23 12:00,Call,1,Notes: Left a voicemail; Source: Letters
196,446,2025-12-20 12:00,Letter,1,Notes: Type: Introduction; Letter Status: Sent; Hot Chocolate: Yes; Source: Letters
197,446,2026-01-23 12:00,Call,1,Notes: Operator: Ashley; Call back on Monday 1/26; Source: Letters
198,726,2025-12-20 12:00,Letter,1,Notes: Type: Introduction; Letter Status: Sent; Hot Chocolate: Yes; Source: Letters
199,726,2026-01-23 12:00,Call,1,Notes: Operator: Jack; Mohmednadim is out of country indefinitely. Call back in late February.; Source: Letters
200,733,2025-12-20 12:00,Letter,1,Notes: Type: Introduction; Letter Status: Sent; Hot Chocolate: Yes; Source: Letters
201,733,2026-01-23 12:00,Call,1,"Notes: Operator: Symbol; Got in touch with Muhammad, apparently he is not the owner. He said to reach out to orders@akwholesale.com; Source: Letters"
202,815,2025-12-20 12:00,Letter,1,Notes: Type: Introduction; Letter Status: Sent; Hot Chocolate: Yes; Source: Letters
203,815,2026-01-23 12:00,Call,1,Notes: Operator: Rajesh; Rizwan is in Pakistan until next month.; Source: Letters
204,587,2025-12-20 12:00,Letter,1,Notes: Type: Introduction; Letter Status: Sent; Hot Chocolate: Yes; Source: Letters
205,587,2026-01-23 12:00,Call,1,Notes: Operator: Hannah; Hannah said she would look through the mail and get my letter to Kevin.; Source: Letters
206,35,2025-12-20 12:00,Letter,1,Notes: Type: Introduction; Letter Status: Sent; Hot Chocolate: Yes; Source: Letters
207,35,2026-01-23 12:00,Call,1,Notes: Spoke with Alim directly. He seemed very interested in app. Said we can talk next week after he looks at our website.; Source: Letters
208,779,2025-12-20 12:00,Letter,1,Notes: Type: Invitation to meet; Letter Status: Ready; Hot Chocolate: Yes; Source: Letters
209,779,2026-01-23 12:00,Call,1,"Notes: Left a voicemail.

Seems they prefer contact via email.; Source: Letters"
210,958,2025-12-20 12:00,Letter,1,Notes: Type: Introduction; Letter Status: Sent; Hot Chocolate: Yes; Source: Letters
211,958,2026-01-26 12:00,Call,1,Notes: Voicemail; Source: Letters
212,233,2025-12-20 12:00,Letter,1,Notes: Type: Goals for 2026; Letter Status: Ready; Hot Chocolate: Yes; Source: Letters
213,233,2026-01-26 12:00,Call,1,"Notes: Operator: Rachel; Ext 1243
Voicemail; Source: Letters"
214,388,2025-12-20 12:00,Letter,1,Notes: Type: Goals for 2026; Letter Status: Ready; Hot Chocolate: Yes; Source: Letters
215,388,2026-01-26 12:00,Call,1,Notes: Operator: Kelly (Actual owner); Going out of business due to a lawsuit / debts.; Source: Letters
216,985,2025-12-20 12:00,Letter,1,Notes: Type: Goals for 2026; Letter Status: Ready; Hot Chocolate: No; Source: Letters
217,985,2026-01-26 12:00,Call,1,"Notes: Operator: Lou; Email to reach out:
itpartnerinfo@sgws.com

customerservice@sgproof.com; Source: Letters"
218,270,2025-12-20 12:00,Letter,1,Notes: Type: Invitation to meet; Letter Status: Ready; Hot Chocolate: Yes; Source: Letters
219,270,2026-01-26 12:00,Call,1,Source: Letters
220,504,2025-12-20 12:00,Letter,1,Notes: Type: Chicago; Letter Status: Sent; Hot Chocolate: No; Source: Letters
221,504,2026-01-27 12:00,Call,1,Notes: Operator: Brian; Brian took down my information and said he would try to get in touch with Jesse tomorrow.; Source: Letters
222,487,2025-12-20 12:00,Letter,1,Notes: Type: Chicago; Letter Status: Sent; Hot Chocolate: No; Source: Letters
223,487,2026-01-27 12:00,Call,1,Notes: Voicemail not set up; Source: Letters
224,360,2025-12-20 12:00,Letter,1,Notes: Type: Chicago; Letter Status: Sent; Hot Chocolate: No; Source: Letters
225,360,2026-01-27 12:00,Call,1,Notes: Phone call directs you to the website; Source: Letters
226,751,2025-12-20 12:00,Letter,1,Notes: Type: Chicago; Letter Status: Sent; Hot Chocolate: No; Source: Letters
227,751,2026-01-27 12:00,Call,1,Notes: Operator: Jessica; Nick's name not in dial-by-name; Source: Letters
228,510,2025-12-20 12:00,Letter,1,Notes: Type: Chicago; Letter Status: Sent; Hot Chocolate: No; Source: Letters
229,510,2026-01-27 12:00,Call,1,Notes: Operator: Ally; Jim is no longer part of the company; Source: Letters
230,696,2025-12-20 12:00,Letter,1,Notes: Type: Chicago; Letter Status: Sent; Hot Chocolate: Yes; Source: Letters
231,696,2026-01-27 12:00,Call,1,Notes: Corporate office phone number doesn't work; Source: Letters
232,265,2025-12-20 12:00,Letter,1,Notes: Type: Chicago; Letter Status: Sent; Hot Chocolate: Yes; Source: Letters
233,265,2026-01-27 12:00,Call,1,"Notes: Operator: Kay Hill; info@seoultaco.com

rachel@seaoultaco.com; Source: Letters"
234,132,2025-12-20 12:00,Letter,1,Notes: Type: Industrials; Letter Status: Sent; Hot Chocolate: No; Source: Letters
235,132,2026-01-27 12:00,Call,1,Notes: Voicemail; Source: Letters
236,152,2025-12-20 12:00,Letter,1,Notes: Type: Introduction; Letter Status: Sent; Hot Chocolate: Yes; Source: Letters
237,152,2026-01-27 12:00,Call,1,Notes: Operator: Stephanie; Voicemail; Source: Letters
238,405,2025-12-20 12:00,Letter,1,Notes: Type: Chicago; Letter Status: Sent; Hot Chocolate: No; Status: Responded; Source: Letters
239,598,2025-12-20 12:00,Letter,1,Notes: Type: Chicago; Letter Status: Sent; Hot Chocolate: No; Status: Letter returned; Source: Letters
240,740,2025-12-20 12:00,Letter,1,Notes: Type: Chicago; Letter Status: Sent; Hot Chocolate: No; Source: Letters
241,889,2025-12-20 12:00,Letter,1,Notes: Type: Goals for 2026; Letter Status: Ready; Hot Chocolate: Yes; Source: Letters
242,889,2026-02-04 12:00,Call,1,Notes: Voicemail; Source: Letters
243,568,2025-12-20 12:00,Letter,1,Notes: Type: Goals for 2026; Letter Status: Ready; Hot Chocolate: Yes; Source: Letters
244,568,Said to call the week of 2/16/2026 (they're on vacation) 12:00,Call,1,Notes: Operator: Josh;; Source: Letters
245,474,2025-12-20 12:00,Letter,1,Notes: Type: Industrials; Letter Status: Sent; Hot Chocolate: No; Source: Letters
247,716,2025-12-20 12:00,Letter,1,Notes: Type: Introduction; Letter Status: Sent; Hot Chocolate: No; Source: Letters
248,248,2025-12-20 12:00,Letter,1,Notes: Type: Introduction; Letter Status: Sent; Hot Chocolate: Yes; Status: Letter Returned; Source: Letters
249,558,2025-12-20 12:00,Letter,1,Notes: Type: Introduction; Letter Status: Sent; Hot Chocolate: No; Source: Letters
250,341,2025-12-20 12:00,Letter,1,Notes: Type: Introduction; Letter Status: Sent; Hot Chocolate: No; Source: Letters
251,409,2025-12-20 12:00,Letter,1,Notes: Type: Introduction; Letter Status: Sent; Hot Chocolate: No; Source: Letters
252,748,2025-12-20 12:00,Letter,1,Notes: Type: Introduction; Letter Status: Sent; Hot Chocolate: No; Source: Letters
253,297,2025-12-20 12:00,Letter,1,Notes: Type: Introduction; Letter Status: Sent; Hot Chocolate: No; Source: Letters
254,543,2025-12-20 12:00,Letter,1,Notes: Type: Introduction; Letter Status: Sent; Hot Chocolate: Yes; Source: Letters
255,543,2026-01-29 12:00,Call,1,Notes: Operator: Racquel; Said to call in next week any time after 8; Source: Letters
256,1001,2025-12-20 12:00,Letter,1,Notes: Type: Introduction; Letter Status: Sent; Hot Chocolate: No; Source: Letters
258,284,2025-12-20 12:00,Letter,1,Notes: Type: Introduction; Letter Status: Sent; Hot Chocolate: No; Status: Yes; Source: Letters
259,483,2025-12-20 12:00,Letter,1,Notes: Type: Introduction; Letter Status: Sent; Hot Chocolate: No; Source: Letters
260,771,2025-12-20 12:00,Letter,1,Notes: Type: Introduction; Letter Status: Sent; Hot Chocolate: No; Source: Letters
261,179,2025-12-20 12:00,Letter,1,Notes: Type: Introduction; Letter Status: Sent; Hot Chocolate: Yes; Source: Letters
262,26,2025-12-20 12:00,Letter,1,Notes: Type: Introduction; Letter Status: Sent; Hot Chocolate: No; Source: Letters
263,26,2026-01-29 12:00,Call,1,"Notes: Operator: Daniel; Email Alexander at ""orders@rainforestdistribution.com"" Attention Alex Ridings; Source: Letters"
265,707,2025-12-20 12:00,Letter,1,Notes: Type: Introduction; Letter Status: Sent; Hot Chocolate: No; Source: Letters
266,707,2026-01-29 12:00,Call,1,Notes: Left a voicemail; Source: Letters
267,312,2025-12-20 12:00,Letter,1,Notes: Type: Introduction; Letter Status: Sent; Hot Chocolate: Yes; Source: Letters
268,312,2026-01-29 12:00,Call,1,Notes: Operator: Ally; Out of office. Gets in Monday around 9.; Source: Letters
269,535,2025-12-20 12:00,Letter,1,Notes: Type: Introduction; Letter Status: Sent; Hot Chocolate: No; Source: Letters
270,535,2026-01-29 12:00,Call,1,"Notes: He was very positive. We had a great 30 minute conversation. Offered to sell me his business. I said ""it goes both ways, happy to share how we're making it easier for small business operators to run their business."" We're going to chat again about tech needs.; Source: Letters"
271,868,2025-12-20 12:00,Letter,1,Notes: Type: Introduction; Letter Status: Sent; Hot Chocolate: No; Source: Letters
272,252,2025-12-20 12:00,Letter,1,Notes: Type: Introduction; Letter Status: Sent; Hot Chocolate: Yes; Status: Yes; Source: Letters
273,536,2025-12-20 12:00,Letter,1,Notes: Type: Introduction; Letter Status: Sent; Hot Chocolate: No; Source: Letters
274,812,2025-12-20 12:00,Letter,1,Notes: Type: Introduction; Letter Status: Sent; Hot Chocolate: Yes; Source: Letters
275,107,2025-12-20 12:00,Letter,1,Notes: Type: Introduction; Letter Status: Sent; Hot Chocolate: Yes; Source: Letters
276,164,2025-12-20 12:00,Letter,1,Notes: Type: Introduction; Letter Status: Sent; Hot Chocolate: No; Source: Letters
277,249,2025-12-20 12:00,Letter,1,Notes: Type: Introduction; Letter Status: Sent; Hot Chocolate: Yes; Source: Letters
278,634,2025-12-20 12:00,Letter,1,Notes: Type: Introduction; Letter Status: Sent; Hot Chocolate: Yes; Source: Letters
279,845,2025-12-20 12:00,Letter,1,Notes: Type: Introduction; Letter Status: Sent; Hot Chocolate: Yes; Source: Letters
280,760,2025-12-20 12:00,Letter,1,Notes: Type: Introduction; Letter Status: Sent; Hot Chocolate: Yes; Source: Letters
281,375,2025-12-20 12:00,Letter,1,Notes: Type: Introduction; Letter Status: Sent; Hot Chocolate: Yes; Source: Letters
282,260,2025-12-20 12:00,Letter,1,Notes: Type: Introduction; Letter Status: Sent; Hot Chocolate: Yes; Source: Letters
283,790,2025-12-20 12:00,Letter,1,Notes: Type: Introduction; Letter Status: Sent; Hot Chocolate: Yes; Source: Letters
284,630,2025-12-20 12:00,Letter,1,Notes: Type: Introduction; Letter Status: Sent; Hot Chocolate: No; Source: Letters
285,630,2026-02-04 12:00,Call,1,Notes: Left a voicemail; Source: Letters
286,828,2025-12-20 12:00,Letter,1,Notes: Type: Introduction; Letter Status: Sent; Hot Chocolate: No; Source: Letters
287,828,2026-02-04 12:00,Call,1,Notes: Voicemail; Source: Letters
288,382,2025-12-20 12:00,Letter,1,Notes: Type: Introduction; Letter Status: Sent; Hot Chocolate: Yes; Source: Letters
289,593,2025-12-20 12:00,Letter,1,Notes: Type: Introduction; Letter Status: Sent; Hot Chocolate: Yes; Source: Letters
290,593,2026-01-29 12:00,Call,1,Notes: Voicemail; Source: Letters
291,738,2025-12-20 12:00,Letter,1,Notes: Type: Introduction; Letter Status: Sent; Hot Chocolate: No; Source: Letters
292,820,2025-12-20 12:00,Letter,1,Notes: Type: Introduction; Letter Status: Sent; Hot Chocolate: Yes; Source: Letters
293,820,2026-01-29 12:00,Call,1,Notes: Voicemail; Source: Letters
294,300,2025-12-20 12:00,Letter,1,Notes: Type: Introduction; Letter Status: Sent; Hot Chocolate: No; Source: Letters
295,239,2025-12-20 12:00,Letter,1,Notes: Type: Introduction; Letter Status: Sent; Hot Chocolate: Yes; Source: Letters
296,239,2026-01-29 12:00,Call,1,Notes: Dan will be in the office Friday 1/30; Source: Letters
297,530,2025-12-20 12:00,Letter,1,Notes: Type: Introduction; Letter Status: Sent; Hot Chocolate: Yes; Source: Letters
298,530,2026-01-29 12:00,Call,1,Notes: Said I had wrong number (Barjo may be out of business); Source: Letters
299,102,2025-12-20 12:00,Letter,1,Notes: Type: Introduction; Letter Status: Sent; Hot Chocolate: Yes; Source: Letters
300,102,2026-01-29 12:00,Call,1,Notes: Wrong number (Not AA distribution); Source: Letters
301,393,2025-12-20 12:00,Letter,1,Notes: Type: Introduction; Letter Status: Sent; Hot Chocolate: No; Source: Letters
302,393,2026-01-29 12:00,Call,1,Notes: Voicemail full; Source: Letters
303,24,2025-12-20 12:00,Letter,1,Notes: Type: Introduction; Letter Status: Sent; Hot Chocolate: Yes; Source: Letters
304,407,2025-12-20 12:00,Letter,1,Notes: Type: Introduction; Letter Status: Sent; Hot Chocolate: Yes; Source: Letters
305,422,2025-12-20 12:00,Letter,1,Notes: Type: Introduction; Letter Status: Sent; Hot Chocolate: Yes; Source: Letters
306,422,2026-02-04 12:00,Call,1,Notes: Hung up on me. Hassan no longer works there.; Source: Letters
307,398,2025-12-20 12:00,Letter,1,Notes: Type: Introduction; Letter Status: Sent; Hot Chocolate: Yes; Source: Letters
308,398,2026-02-04 12:00,Call,1,"Notes: Said ""i have your information, I'll let you know."" Says they are not looking for new vendors right now.; Source: Letters"
309,853,2025-12-20 12:00,Letter,1,Notes: Type: Introduction; Letter Status: Sent; Hot Chocolate: Yes; Source: Letters
310,853,2026-02-04 12:00,Call,1,"Notes: Operator: Nina; Said he isn't around, is available any day after 12; Source: Letters"
311,185,2025-12-20 12:00,Letter,1,Notes: Type: Introduction; Letter Status: Ready; Hot Chocolate: Yes; Source: Letters
312,185,2026-02-04 12:00,Call,1,Notes: Number does not work; Source: Letters
313,236,2025-12-20 12:00,Letter,1,Notes: Type: Invitation to meet; Letter Status: Ready; Hot Chocolate: Yes; Source: Letters
314,475,2025-12-20 12:00,Letter,1,Notes: Type: Invitation to meet; Letter Status: Ready; Hot Chocolate: Yes; Source: Letters
315,841,2025-12-20 12:00,Letter,1,Notes: Type: Reaching out again; Letter Status: Sent; Hot Chocolate: Yes; Source: Letters
316,492,2025-12-20 12:00,Letter,1,Notes: Type: Reaching out again; Letter Status: Sent; Hot Chocolate: Yes; Source: Letters
317,237,2025-12-20 12:00,Letter,1,Notes: Type: Reaching out again; Letter Status: Sent; Hot Chocolate: Yes; Source: Letters
318,140,2025-12-20 12:00,Letter,1,Notes: Type: Reaching out again; Letter Status: Ready; Hot Chocolate: Yes; Source: Letters
319,379,2025-12-20 12:00,Letter,1,Notes: Type: Reaching out again; Letter Status: Ready; Hot Chocolate: Yes; Source: Letters
320,379,Not interested 12:00,Call,1,Notes: Operator: Michelle;; Source: Letters
321,485,2025-12-20 12:00,Letter,1,Notes: Type: Reaching out again; Letter Status: Ready; Hot Chocolate: Yes; Status: Reach back out in March; Source: Letters
322,931,2025-12-20 12:00,Letter,1,Notes: Type: Reaching out again; Letter Status: Ready; Hot Chocolate: Yes; Status: Converted; Source: Letters
323,266,2025-10-14 12:00,Phone,1,Notes: David (Managing Director) is out of office until Thursday. Will call back again on Thursday.; Status: Not our ICP; Source: First Campaign
324,266,2025-10-20 12:00,Email,1,Status: Not our ICP; Source: First Campaign
327,152,2025-10-14 12:00,Phone,1,Notes: Left a voicemail with Brian; Status: Attempted to Contact; Source: First Campaign
328,152,2025-10-20 12:00,Email,1,Status: Attempted to Contact; Source: First Campaign
330,89,2025-10-15 12:00,Phone,1,"Notes: Phone person said Aracelli was not in, and to email her.; Status: Attempted to Contact; Source: First Campaign"
331,89,2025-10-20 12:00,Email,1,Status: Attempted to Contact; Source: First Campaign
332,382,2025-10-15 12:00,Phone,1,Notes: Left a voicemail; Status: Attempted to Contact; Source: First Campaign
333,382,2025-10-20 12:00,Email,1,Status: Attempted to Contact; Source: First Campaign
334,406,2025-10-15 12:00,Phone,1,Notes: Left a voicemail; Status: Attempted to Contact; Source: First Campaign
335,406,2025-10-20 12:00,Email,1,Status: Attempted to Contact; Source: First Campaign
337,332,2025-10-15 12:00,Phone,1,Notes: Said that Eric was not available. Took down my phone number and said he'll call me back.; Status: Attempted to Contact; Source: First Campaign
338,308,2025-10-15 12:00,Phone,1,Notes: Said that Doug was not available. Took down my phone number and said they'll call me back.; Status: Attempted to Contact; Source: First Campaign
340,474,2025-10-16 12:00,Email,1,"Notes: Emailed with ""Cold Outreach Email 10/16 (More reserved, for small businesses)"" Template; Status: Attempted to Contact; Source: First Campaign"
341,828,2025-10-16 12:00,Email,1,"Notes: Emailed with ""Cold Outreach Email 10/16 (More reserved, for small businesses)"" Template; Status: Attempted to Contact; Source: First Campaign"
342,958,2025-10-16 12:00,Email,1,"Notes: Emailed with ""Cold Outreach Email 10/16 (More reserved, for small businesses)"" Template; Status: Attempted to Contact; Source: First Campaign"
343,132,2025-10-16 12:00,Email,1,"Notes: Emailed with ""Cold Outreach Email 10/16 (More reserved, for small businesses)"" Template; Status: Attempted to Contact; Source: First Campaign"
344,834,2025-10-16 12:00,Email,1,"Notes: Emailed with ""Cold Outreach Email 10/16 (Salesly, AI-focused)"" Template; Status: Attempted to Contact; Source: First Campaign"
345,108,2025-10-16 12:00,Email,1,"Notes: Emailed with ""Cold Outreach Email 10/16 (Salesly, AI-focused)"" Template; Status: Attempted to Contact; Source: First Campaign"
346,249,2025-10-16 12:00,Email,1,"Notes: Emailed with ""Cold Outreach Email 10/16 (Salesly, AI-focused)"" Template; Status: Attempted to Contact; Source: First Campaign"
347,923,2025-10-16 12:00,Email,1,Status: Attempted to Contact; Source: First Campaign
348,597,2025-11-03 12:00,November 3rd,1,Status: Attempted to Contact; Source: First Campaign
349,260,2025-11-03 12:00,November 3rd,1,Status: Attempted to Contact; Source: First Campaign
350,845,2025-11-03 12:00,November 3rd,1,Status: Reach back out; Source: First Campaign
352,790,2025-11-03 12:00,November 3rd,1,Status: Attempted to Contact; Source: First Campaign
353,781,2025-11-03 12:00,November 3rd,1,Status: Attempted to Contact; Source: First Campaign
354,375,2025-11-03 12:00,November 3rd,1,Status: Attempted to Contact; Source: First Campaign
355,634,2025-11-03 12:00,November 3rd,1,Status: Attempted to Contact; Source: First Campaign
356,93,2025-11-04 12:00,November 3rd,1,"Notes: Clay: Founder, Boston, 11-50; Status: Attempted to Contact; Source: First Campaign"
357,605,2025-11-04 12:00,November 3rd,1,"Notes: Clay: Founder, Boston, 11-50; Status: Attempted to Contact; Source: First Campaign"
359,631,2025-11-04 12:00,November 3rd,1,"Notes: Clay: Founder, Boston, 11-50; Status: Attempted to Contact; Source: First Campaign"
360,774,2025-11-04 12:00,November 3rd,1,"Notes: Clay: Founder, Boston, 11-50; Status: Attempted to Contact; Source: First Campaign"
361,135,2025-11-04 12:00,November 3rd,1,"Notes: Clay: Founder, Boston, 11-50; Status: Attempted to Contact; Source: First Campaign"
362,465,2025-11-04 12:00,November 3rd,1,"Notes: Clay: Founder, Boston, 11-50. She responded with ""no thank you""; Status: Bad timing; Source: First Campaign"
363,755,2025-10-14 12:00,Phone,1,"Notes: Said ""they're working on it"" and are not interested.; Status: Bad timing; Source: First Campaign"
364,819,2025-10-14 12:00,Phone,1,Notes: Hung up; Status: Bad timing; Source: First Campaign
365,770,2025-10-14 12:00,Phone,1,"Notes: Hung up, talked to Paul directly.; Status: Bad timing; Source: First Campaign"
366,722,2025-10-15 12:00,Phone,1,Notes: Hung up; Status: Bad timing; Source: First Campaign
367,703,2025-10-15 12:00,Phone,1,"Notes: Ali lead. they are not looking for ACH, Mickel does ACH management so not to mention in call

Mickel is following up with Tim. It seems like Tim is leaving and they are ""at his mercy."" Mickel doesn't understand tech, gets overwhelmed by it. Will follow up with Mickel in case we need to understand the process from an ops perspective.; Status: Bad timing; Source: First Campaign"
368,703,2025-10-16 12:00,Email,1,Status: Bad timing; Source: First Campaign
369,841,2025-10-15 12:00,Phone,1,"Notes: Ali lead (Met Ryan, liked the app, knows us as PQRID).

Said he wasn't here, and to call back Thursday afternoon.; Status: Connected; Source: First Campaign"
370,841,2025-10-20 12:00,Email,1,Status: Connected; Source: First Campaign
371,237,2025-10-14 12:00,Phone,1,Notes: Ali lead (Look more at customer app / backend). Left a voicemail.; Status: Connected; Source: First Campaign
372,237,2025-10-21 12:00,Email,1,Status: Connected; Source: First Campaign
373,294,2025-10-14 12:00,Phone,1,"Notes: Ali lead (Talked to them last year. They were using Shopify then. Were waiting until they have a backend system as well). 

Said that since it's Q4 of the year, they don't want to touch anything right now. Can leave a note and get back in touch at the start of next year.; Status: Connected; Source: First Campaign"
374,294,2025-10-21 12:00,Email,1,Status: Connected; Source: First Campaign
375,492,2025-10-15 12:00,Phone,1,"Notes: Got in touch with Jeff. Said they already had an ERP and were all set. I said we can get in touch about future tools, and he said sure.; Status: Connected; Source: First Campaign"
376,299,2025-11-03 12:00,November 3rd,1,Notes: Voicemail; Status: Message not deliverable; Source: First Campaign
377,299,2025-11-06 12:00,,1,Status: Message not deliverable; Source: First Campaign
378,179,2025-12-11 12:00,LinkedIn,1,Status: Plan to Letter; Source: First Campaign
379,748,2025-12-11 12:00,LinkedIn,1,Status: Plan to Letter; Source: First Campaign
380,715,2025-12-11 12:00,LinkedIn,1,Status: Plan to Letter; Source: First Campaign
381,312,2025-12-11 12:00,LinkedIn,1,Notes: Family-operated; Status: Plan to Letter; Source: First Campaign
382,1001,2025-12-11 12:00,LinkedIn,1,Notes: Cash and Carry Wholesaler; Status: Plan to Letter; Source: First Campaign
383,543,2025-12-11 12:00,LinkedIn,1,"Notes: 4,000+ products; Status: Plan to Letter; Source: First Campaign"
384,558,2025-12-11 12:00,LinkedIn,1,Notes: No Visible online ordering and/or mobile app; Status: Plan to Letter; Source: First Campaign
385,535,2025-12-11 12:00,LinkedIn,1,Status: Plan to Letter; Source: First Campaign
386,841,2025-12-11 12:00,LinkedIn,1,Status: Plan to Letter; Source: First Campaign
387,409,2025-12-11 12:00,LinkedIn,1,"Notes: They are bigger players, they have an online ordering system () but do not see any mobile app, such customers may be more receptive to technology.  But to get these leads converted need to be in contact with leadership.; Status: Plan to Letter; Source: First Campaign"
388,483,2025-12-11 12:00,LinkedIn,1,"Notes: Their Tag line, Good for us... ""Encouraging strategic thinking & innovation "" PE backed; Status: Plan to Letter; Source: First Campaign"
389,934,2025-12-11 12:00,LinkedIn,1,"Notes: Clay: Founder, Boston, 11-50; Status: Plan to Letter; Source: First Campaign"
390,841,2025-11-18 12:00,Unknown,1,"Notes: Ali lead (Met Ryan, liked the app, knows us as PQRID).

Said he wasn't here, and to call back Thursday afternoon.; Source: Warm Leads"
391,680,2025-11-18 12:00,Unknown,1,"Notes: This was very interested customer, we lost due to team member unresponsiveness messages from customer"" Id would like to see if this may be a good tool for our business.  I watched the demo and see some areas that this could serve us.  Let me know a time we could discuss costs, etc?"". ""thanks for reaching out.  Our initial set up with you just went too long so we are going with a different company.  We wish you and your team the best."". I was not aware of this lead until recently. Lets find a creative way to win this now:). We were PQRID then; Source: Warm Leads"
392,476,2025-12-05 12:00,Unknown,1,"Notes: Reached Javed, will call him Monday 11/17 at 10 AM CST / 11 AM EST

I keep reaching his voicemail. They also seem to have a website set up now.; Source: Warm Leads"
393,793,2025-12-05 12:00,Unknown,1,Notes: This client was interested in app. Randy was interested but his colleague was opposed to idea and said things work different and we are big company. This was one of very initial demo and unfortunately with employee opposition we were not able talk about integration. We just demo customer app to them. I just checked and apparently they have not upgraded yet; Source: Warm Leads
395,237,2025-11-12 12:00,Unknown,1,"Notes: Ali lead (Look more at customer app / backend). Left a voicemail. 

Hung up. 

Pausing until after Thanksgiving because he seems not interested.; Source: Warm Leads"
396,294,2025-11-12 12:00,Unknown,1,"Notes: Ali lead (Talked to them last year. They were using Shopify then. Were waiting until they have a backend system as well). 

Said that since it's Q4 of the year, they don't want to touch anything right now. Can leave a note and get back in touch at the start of next year. 

Confirmed again they don't want to have any conversations right now. Would be implementing earliest Q2.; Source: Warm Leads"
397,778,2026-02-11 12:04,Call,1,"Notes: Seems like Simplex was acquired. Peter said ""we're not in that business anymore.""; Source: Outreach"
398,863,2026-02-11 11:15,Call,3,Notes: Got Tricia's email - tricia@bgrestsupply.com; Source: Outreach
399,148,2026-02-11 11:40,Call,3,Notes: Brandon took down my number for Wayne to call me back and gave me email: HRS@Hrsupply.net; Source: Outreach
400,374,2026-02-11 04:09,Email,1,Source: Outreach
401,733,2026-02-11 16:21,Email,1,Notes: Email does not work; Source: Outreach
402,32,2026-02-11 16:22,Email,1,Source: Outreach
403,809,2026-02-11 16:28,Email,1,Source: Outreach
404,83,2026-02-11 16:46,Email,1,Source: Outreach
405,89,2026-02-11 16:56,Email,1,Source: Outreach
406,639,2026-02-11 16:57,Email,1,Source: Outreach
407,451,2026-02-11 11:25,Call,2,Notes: Gave me email- sky1wholesale@gmail.com; Source: Outreach
408,754,2026-02-11 11:45,Call,2,Notes: Nicole took my name and number and said there wasn't an alternative email or number I could reach; Source: Outreach
410,735,2026-02-12 15:15,Email,2,Source: Outreach
411,185,2026-02-12 17:34,Email,2,Source: Outreach
412,763,2026-02-12 18:18,Email,2,Source: Outreach
413,341,2026-02-12 18:38,Email,1,Source: Outreach
414,409,2026-02-12 18:38,Email,1,Source: Outreach
415,24,2026-02-12 18:51,Email,1,Source: Outreach
416,816,2026-02-12 18:56,Email,1,Source: Outreach
417,821,2026-02-12 18:58,Email,1,Source: Outreach
418,860,2026-02-12 19:06,Email,1,Source: Outreach
419,298,2026-02-12 19:15,Email,1,Source: Outreach
420,130,,Email,1,Notes: Email status: Sent; Source: St Louis Missouri
421,130,2026-01-12 12:00,Call,1,Source: St Louis Missouri
422,78,,Email,1,Notes: Email status: (Email does not work); Source: St Louis Missouri
423,78,2026-01-12 12:00,Call,1,Notes: Spoke to: Sai (Sigh?); Confirmed would be here Friday and probably able to meet; Source: St Louis Missouri
424,479,,Email,1,Notes: Email status: Sent; Source: St Louis Missouri
425,479,2026-01-12 12:00,Call,1,Notes: Voicemail; Source: St Louis Missouri
426,425,2026-01-12 12:00,Call,1,"Notes: Spoke to: Abdul; Gave Hazzaa's phone number: 618 514 4558.

Hazzaa asked me to call back at 5:06 Pm.; Source: St Louis Missouri"
427,777,,Email,1,Notes: Email status: Sent; Source: St Louis Missouri
428,777,2026-01-12 12:00,Call,1,Notes: Spoke to: Mark; Confirmed would be here Friday and probably able to meet; Source: St Louis Missouri
429,960,,Email,1,Notes: Email status: Sent; Source: St Louis Missouri
430,960,#VALUE! 12:00,Call,1,Source: St Louis Missouri
431,105,2026-01-12 12:00,Call,1,Notes: Didn't seem to be able to hear me?; Source: St Louis Missouri
432,563,2026-01-12 12:00,Call,1,Notes: Spoke to: Julie; Julie said she was too busy and could not meet.; Source: St Louis Missouri
433,385,2026-01-12 12:00,Call,1,Notes: George barely comes in. Hard to tell which manager will be in on a given day.; Source: St Louis Missouri
434,109,2026-01-12 12:00,Call,1,Notes: Voicemail not set up; Source: St Louis Missouri
435,470,2026-01-12 12:00,Call,1,Notes: Spoke to: Jayden; Jason won't be around until next month.; Source: St Louis Missouri
436,880,2026-01-12 12:00,Call,1,Notes: Voicemail; Source: St Louis Missouri
438,787,#VALUE! 12:00,Call,1,Notes: Spoke to: Amy;; Source: St Louis Missouri
440,512,2025-12-03 12:00,Email,1,Source: Industrial
441,412,2025-12-03 12:00,Email,1,Source: Industrial
442,555,2025-12-03 12:00,Email,1,Source: Industrial
443,937,2025-12-03 12:00,Email,1,Source: Industrial
444,610,2025-12-03 12:00,Email,1,Source: Industrial
445,966,2025-12-03 12:00,Email,1,Source: Industrial
446,557,2025-12-03 12:00,Email,1,Source: Industrial
447,5,2025-12-03 12:00,Email,1,Source: Industrial
448,663,2025-12-03 12:00,Email,1,Source: Industrial
449,394,2025-12-03 12:00,Email,1,Source: Industrial
450,478,2025-12-05 12:00,LinkedIn,1,Source: Industrial
451,688,2025-12-20 12:00,LETTER,1,Source: Industrial
453,333,,LinkedIn,1,Source: Industrial
454,778,2026-02-11 12:04,Call,1,"Notes: Seems like Simplex was acquired. Peter said ""we're not in that business anymore.""; Source: Outreach"
455,863,2026-02-11 11:15,Call,3,Notes: Got Tricia's email - tricia@bgrestsupply.com; Source: Outreach
456,148,2026-02-11 11:40,Call,3,Notes: Brandon took down my number for Wayne to call me back and gave me email: HRS@Hrsupply.net; Source: Outreach
457,374,2026-02-11 04:09,Email,1,Source: Outreach
458,733,2026-02-11 16:21,Email,1,Notes: Email does not work; Source: Outreach
459,32,2026-02-11 16:22,Email,1,Source: Outreach
460,809,2026-02-11 16:28,Email,1,Source: Outreach
461,83,2026-02-11 16:46,Email,1,Source: Outreach
462,89,2026-02-11 16:56,Email,1,Source: Outreach
463,639,2026-02-11 16:57,Email,1,Source: Outreach
464,451,2026-02-11 11:25,Call,2,Notes: Gave me email- sky1wholesale@gmail.com; Source: Outreach
465,754,2026-02-11 11:45,Call,2,Notes: Nicole took my name and number and said there wasn't an alternative email or number I could reach; Source: Outreach
467,735,2026-02-12 15:15,Email,2,Source: Outreach
468,230,2026-02-12 23:30,Email,2,Source: Outreach
469,341,2026-02-12 18:38,Email,1,Source: Outreach
470,409,2026-02-12 18:38,Email,1,Source: Outreach
471,24,2026-02-12 18:51,Email,1,Source: Outreach
472,816,2026-02-12 18:56,Email,1,Source: Outreach
473,821,2026-02-12 18:58,Email,1,Source: Outreach
474,860,2026-02-12 19:06,Email,1,Source: Outreach
475,298,2026-02-12 19:15,Email,1,Source: Outreach
476,613,2026-02-12 23:53,Email,2,Source: Outreach
477,128,2026-02-12 23:55,Email,2,Source: Outreach
478,318,2026-02-12 23:58,Email,2,Notes: email address doesn't work; Source: Outreach
608,613,2026-02-12 23:53,Call,2,Notes: called on 2/13 - spoke with Leslie who let me leave a voicemail for Laura
479,296,2026-02-13 00:00,Email,2,Source: Outreach
480,51,2026-02-13 00:06,Email,2,Source: Outreach
485,252,2026-02-13 10:49,Call,1,Notes: Voicemail; Source: Outreach
490,1010,2026-02-13 03:28,Received call back,3,Notes: Told me to call between 6-7 to speak with his manager named Faras.; Source: Outreach
492,1011,2026-02-13 03:57,Call,3,Notes: Provided me his managers email and told me to reach out to him. (Daniyal@akwholesale.com); Source: Outreach
501,2001,2026-02-16 15:36,Call,1,Notes: Hung up on me
503,474,2026-02-16 15:50,Email,1,
505,2001,2026-02-17 9:00,Email,1,Notes: Scheduled send
507,1020,2026-02-17 9:00,Email,1,Notes: Scheduled send
509,1023,2026-02-17 16:13:00 PM,Email,1,
510,1024,2026-02-17 16:13:00 PM,Email,1,
511,1025,2026-02-17 16:20:00 PM,Call,1,Notes: Voicemail
512,1025,2026-02-17 16:30:00 PM,Email,1,
513,2001,2026-02-17 16:33:00 PM,Phone,1,Notes: Voicemail
514,2001,2026-02-17 16:30:00 PM,Web form,1,
515,1027,2026-02-17 16:39:00 PM,Phone,1,"Notes: Voicemail full, cannot accept messages"
516,1026,2026-02-17 16:40:00 PM,Phone,1,"Notes: Voicemail full, cannot accept messages"
517,2001,2026-02-17 16:42:00 PM,Email,1,
518,1028,2026-02-17 16:45:00 PM,Phone,1,Notes: Paul said to call back tomorrow in the middle of the day.
519,2001,2026-02-17 16:54:00 PM,Phone,1,Notes: Phone just kept ringing indefinitely.
520,2001,2026-02-17 15:11:00 PM,Phone,1,Notes: Hung up on me
524,51,2026-02-18 8:14,Phone,2,Notes: Called and spoke with Arlene. Emilio wasn't in office due to being sick. Usually in tuesdays through fridays. No other number I could call to reach out to him
525,200,2026-02-18 8:32,Phone,2,Notes: Extension 109. Spoke with Christy. Took down my name and email and said she would leave a message.
526,128,2026-02-18 8:45,Phone,2,Notes: Called and Bill hung up on me
527,230,2026-02-18 9:00,Phone,2,Notes: Was in meeting. Spoke with Kimberly who said she’ll leave a message
528,763,2026-02-18 9:25,Phone,2,Notes: Left voicemail
529,296,2026-02-18 9:26,Phone,2,Notes: Left voicemail
532,837,2026-02-20 9:30,Email,1,Notes: Delivered
545,962,2026-02-20 9:30,Email,1,Notes: Delivered
549,432,2026-02-20 9:30,Email,1,Notes: Delivered
553,190,2026-02-20 9:30,Email,1,Notes: Delivered
554,704,2026-02-20 9:30,Email,1,Notes: Not sent: Invalid MX record
564,281,2026-02-20 9:30,Email,1,Notes: Bounced
566,257,2026-02-20 9:30,Email,1,Notes: Delivered
569,952,2026-02-20 9:30,Email,1,Notes: Delivered
577,733,2026-02-20 9:30,Email,1,Notes: Delivered
578,887,2026-02-20 9:30,Email,1,Notes: Delivered
584,837,2026-02-23 15:13,Phone call,3,"Notes: Voicemail, left my number"
599,432,2026-02-25 10:08,Phone call,3,Notes: Hunter said now wasn't a good time and to send a follow up email then hung up.
603,190,2026-02-25 10:33,Phone call,3,"Notes: Said, ""If I didn't respond to the email I'm probably not interested"" then hung up."
604,704,2026-02-25 10:39,Phone call,3,Notes: Left voicemail for Middie.
607,342,2026-02-25 10:59,Phone call,3,Notes: Spoke with a customer service rep named Eric. Did not know who spyriden was. Said to send an email to sales@dealssupplyllc.com. Also asked for my name and email address.
609,1017,2026-02-25 11:23,Email,2,Notes: Delivered
610,421,2026-02-25 11:56,Email,2,Notes: Delivered
613,2164,2026-02-27 14:04:00,Phone Call,1,"Notes: Wayne said Ryan just left. To call in on Monday, Tuesday, or Thursday."
618,793,2026-02-27 14:32:00,Phone Call,1,Notes: Voicemail
620,597,2026-02-27 14:43:00,Phone Call,1,Notes: Voicemail. Called back. Said that her father owns the business and wouldn't want to change anything. Been dealing with family health issues and unlikely to change sometime soon.
628,215,2026-03-02 12:34:00 PM,Phone Call,3,Notes: Dean is retired. Said Chris was the best person to talk to. Left voicemail.
630,257,2026-03-02 12:48:00 PM,Phone Call,3,Notes: Left name & number for Dan to call back.
638,432,2026-03-03 1:23:00 PM,Email,3,Notes: Delivered
640,342,2026-03-03 1:41:00 PM,Email,3,"Notes: Delivered. Sent two emails. Didn't know you couldn't 'delete/undo' an email, forgot to include signature & wanted to modify subject line. These errors were likely caused by a lack of focus and organization. I was going back and forth between a doc & email, plus I was modifying the templates according to different scenarios.(e.g. an email directed at the person I spoke with vs a follow up to someone I didn't directly speak to)."
642,2029,2026-03-03 10:00 AM,Email,1,Notes: Apollo
643,2033,2026-03-03 10:00 AM,Email,1,Notes: Apollo
644,2067,2026-03-03 10:00 AM,Email,1,Notes: Apollo
645,2185,2026-03-03 10:00 AM,Email,1,Notes: Apollo
646,2093,2026-03-03 10:00 AM,Email,1,Notes: Apollo
647,2167,2026-03-03 10:00 AM,Email,1,Notes: Apollo
648,2205,2026-03-03 10:00 AM,Email,1,Notes: Apollo
649,2062,2026-03-03 10:00 AM,Email,1,Notes: Apollo
650,2148,2026-03-03 10:00 AM,Email,1,Notes: Apollo
651,2001,2026-03-03 10:00 AM,Email,1,Notes: Apollo
652,2112,2026-03-03 10:00 AM,Email,1,Notes: Apollo
653,2209,2026-03-03 10:00 AM,Email,1,Notes: Apollo
654,2001,2026-03-03 10:00 AM,Email,1,Notes: Apollo
655,2084,2026-03-03 10:00 AM,Email,1,Notes: Apollo
656,2172,2026-03-03 10:00 AM,Email,1,Notes: Apollo
657,2034,2026-03-03 10:00 AM,Email,1,Notes: Apollo
658,2053,2026-03-03 10:00 AM,Email,1,Notes: Apollo
659,2056,2026-03-03 10:00 AM,Email,1,Notes: Apollo
660,2030,2026-03-03 10:00 AM,Email,1,Notes: Apollo
661,2001,2026-03-03 10:00 AM,Email,1,Notes: Apollo
662,2001,2026-03-03 10:00 AM,Email,1,Notes: Apollo
663,2044,2026-03-03 10:00 AM,Email,1,Notes: Apollo
665,2046,2026-03-03 10:00 AM,Email,1,Notes: Apollo
666,2047,2026-03-03 10:00 AM,Email,1,Notes: Apollo
667,2180,2026-03-03 10:00 AM,Email,1,Notes: Apollo
668,2001,2026-03-03 10:00 AM,Email,1,Notes: Apollo
669,2060,2026-03-03 10:00 AM,Email,1,Notes: Apollo
670,2001,2026-03-03 10:00 AM,Email,1,Notes: Apollo
671,2189,2026-03-03 10:00 AM,Email,1,Notes: Apollo
672,2001,2026-03-03 10:00 AM,Email,1,Notes: Apollo
673,2001,2026-03-03 10:00 AM,Email,1,Notes: Apollo
674,2020,2026-03-03 10:00 AM,Email,1,Notes: Apollo
675,2184,2026-03-03 10:00 AM,Email,1,Notes: Apollo
676,2001,2026-03-03 10:00 AM,Email,1,Notes: Apollo
677,2001,2026-03-03 10:00 AM,Email,1,Notes: Apollo
678,2096,2026-03-03 10:00 AM,Email,1,Notes: Apollo
679,2001,2026-03-03 10:00 AM,Email,1,Notes: Apollo
680,2164,2026-03-03 10:00 AM,Email,1,Notes: Apollo
681,2113,2026-03-03 10:00 AM,Email,1,Notes: Apollo
682,2111,2026-03-03 10:00 AM,Email,1,Notes: Apollo
683,140,2026-03-03 10:00 AM,Email,1,Notes: Apollo
684,2001,2026-03-03 10:00 AM,Email,1,Notes: Apollo
685,2001,2026-03-03 10:00 AM,Email,1,Notes: Apollo
686,2001,2026-03-03 10:00 AM,Email,1,Notes: Apollo
687,2001,2026-03-03 10:00 AM,Email,1,Notes: Apollo
688,2101,2026-03-03 10:00 AM,Email,1,Notes: Apollo
689,2001,2026-03-03 10:00 AM,Email,1,Notes: Apollo
690,2001,2026-03-03 10:00 AM,Email,1,Notes: Apollo
691,2001,2026-03-04 11:23 AM,Phone Call,3,"Notes: Gave intro, silence for 5 seconds, asked if they could hear me then hung up."
692,2001,2026-03-04 11:25:00 AM,Phone Call,3,Notes: Voicemail
693,2001,2026-03-04 11:30:00 AM,Phone Call,3,Notes: Got directed to someone named Adam. Left voicemail.
694,2001,2026-03-04 11:33:00 AM,Phone Call,3,Notes: Got directed to someone named Paul. Left voicemail.
695,2001,2026-03-04 11:36:00 AM,Phone Call,3,Notes: Not interested.
696,2001,2026-03-04 11:45:00 AM,Phone Call,3,Notes: Booth number - 21931. Was not willing to provide email in advance. Said we can meet the owner in person.
697,2001,2026-03-04 11:52:00 AM,Phone Call,3,Notes: Spoke with Nala. Said to call Kenny - he will be at the trade show.
699,2001,2026-03-04 2:38:00 PM,Phone Call,3,Notes: Not interested. Already using NetSuite and they're currently developing their own app.
700,2001,2026-03-04 2:45:00 PM,Phone Call,3,Notes: Not interested. got hung up on.
701,2001,2026-03-04 2:56:00 PM,Phone Call,3,Notes: Operator said Ryan is on vacation but he will be back next week. Email is ryan@hoggoutfitters.com
702,2197,2026-03-04 1:24 PM,Email,2,Notes: Delivered
703,2060,2026-03-04 1:30 PM,Email,2,Notes: Delivered
704,2078,2026-03-04 13:33,Email,2,Notes: Delivered
707,2018,2026-03-04 1:43 PM,Email,2,Notes: Delivered
708,1034,2026-03-04 2:00 PM,Email,2,Notes: Delivered
709,2001,2026-03-04 2:33 PM,Phone,1,Notes: Tried booking in-person meeting. They said I need to call the corporate office.
710,2001,2026-03-04 3:04:00 PM,Phone,3,Notes: Operator didn't know best person to connect me with on the phone. Said to send email to juco@jucoinc.com
711,2001,2026-03-04 3:11:00 PM,Phone,3,Notes: The people going to the trade show for Liberty aren't looking for our services. Asked for email of someone who would be interested and they said to call back tomorrow.
712,2001,2026-03-04 3:18:00 PM,Phone,3,Notes: Said they don't need any system right now.
713,2001,2026-03-04 3:22:00 PM,Phone,3,Notes: Phone operator directed me to another line. Voicemail box full.
714,2001,2026-03-04 3:02 PM,Phone,1,Notes: Voicemail full.
717,2001,2026-03-04 3:19 PM,Phone,1,Notes: Shak wasn't picking up. Operator said she would ask him to call me back.
718,2001,2026-03-04 15:27,Phone,3,Notes: Directed to 327 extension - left voicemail.
719,2001,2026-03-04 3:32:00 PM,Phone,3,Notes: Said owner was gone for the day and to call back tomorrow morning.
720,2001,2026-03-04 3:35:00 PM,Phone,3,Notes: Said they were all booked for the trade show & hung up when I asked for an email to reach.
721,2001,2026-03-04 3:40:00 PM,Phone,3,Notes: Operator said the people at the show will not be looking for our services. Told me to email hakim@pricemaster.com
722,2001,2026-03-04 3:43:00 PM,Phone,3,"Notes: Automated message said # is busy, try again later"
723,2001,2026-03-04 3:45:00 PM,Phone,3,Notes: Voicemail
